<annotation>
	<folder>train</folder>
	<filename>1.jpg</filename>
	<path>C:\Users\ozozo\OneDrive\Máy tính\xlatc\images\train\1.jpg</path>
	<source>
		<database>Unknown</database>
	</source>
	<size>
		<width>1332</width>
		<height>850</height>
		<depth>3</depth>
	</size>
	<segmented>0</segmented>
	<object>
		<name>chim</name>
		<pose>Unspecified</pose>
		<truncated>0</truncated>
		<difficult>0</difficult>
		<bndbox>
			<xmin>786</xmin>
			<ymin>193</ymin>
			<xmax>1093</xmax>
			<ymax>702</ymax>
		</bndbox>
	</object>
</annotation>
