<annotation>
	<folder>train</folder>
	<filename>107.jpg</filename>
	<path>C:\Users\ozozo\OneDrive\Máy tính\xlatc\images\train\107.jpg</path>
	<source>
		<database>Unknown</database>
	</source>
	<size>
		<width>2080</width>
		<height>1368</height>
		<depth>3</depth>
	</size>
	<segmented>0</segmented>
	<object>
		<name>tho</name>
		<pose>Unspecified</pose>
		<truncated>0</truncated>
		<difficult>0</difficult>
		<bndbox>
			<xmin>478</xmin>
			<ymin>338</ymin>
			<xmax>1449</xmax>
			<ymax>1068</ymax>
		</bndbox>
	</object>
</annotation>
