<annotation>
	<folder>train</folder>
	<filename>111.jpg</filename>
	<path>C:\Users\ozozo\OneDrive\Máy tính\xlatc\images\train\111.jpg</path>
	<source>
		<database>Unknown</database>
	</source>
	<size>
		<width>2896</width>
		<height>1944</height>
		<depth>3</depth>
	</size>
	<segmented>0</segmented>
	<object>
		<name>tho</name>
		<pose>Unspecified</pose>
		<truncated>0</truncated>
		<difficult>0</difficult>
		<bndbox>
			<xmin>23</xmin>
			<ymin>32</ymin>
			<xmax>2136</xmax>
			<ymax>1926</ymax>
		</bndbox>
	</object>
</annotation>
