<annotation>
	<folder>train</folder>
	<filename>112.jpg</filename>
	<path>C:\Users\ozozo\OneDrive\Máy tính\xlatc\images\train\112.jpg</path>
	<source>
		<database>Unknown</database>
	</source>
	<size>
		<width>1100</width>
		<height>733</height>
		<depth>3</depth>
	</size>
	<segmented>0</segmented>
	<object>
		<name>tho</name>
		<pose>Unspecified</pose>
		<truncated>0</truncated>
		<difficult>0</difficult>
		<bndbox>
			<xmin>348</xmin>
			<ymin>63</ymin>
			<xmax>1018</xmax>
			<ymax>658</ymax>
		</bndbox>
	</object>
</annotation>
