<annotation>
	<folder>train</folder>
	<filename>118.jpg</filename>
	<path>C:\Users\ozozo\OneDrive\Máy tính\xlatc\images\train\118.jpg</path>
	<source>
		<database>Unknown</database>
	</source>
	<size>
		<width>840</width>
		<height>473</height>
		<depth>3</depth>
	</size>
	<segmented>0</segmented>
	<object>
		<name>tho</name>
		<pose>Unspecified</pose>
		<truncated>0</truncated>
		<difficult>0</difficult>
		<bndbox>
			<xmin>316</xmin>
			<ymin>27</ymin>
			<xmax>785</xmax>
			<ymax>429</ymax>
		</bndbox>
	</object>
</annotation>
