<annotation>
	<folder>train</folder>
	<filename>121.jpg</filename>
	<path>C:\Users\ozozo\OneDrive\Máy tính\xlatc\images\train\121.jpg</path>
	<source>
		<database>Unknown</database>
	</source>
	<size>
		<width>3448</width>
		<height>2160</height>
		<depth>3</depth>
	</size>
	<segmented>0</segmented>
	<object>
		<name>tho</name>
		<pose>Unspecified</pose>
		<truncated>0</truncated>
		<difficult>0</difficult>
		<bndbox>
			<xmin>1444</xmin>
			<ymin>161</ymin>
			<xmax>3069</xmax>
			<ymax>2096</ymax>
		</bndbox>
	</object>
</annotation>
