<annotation>
	<folder>train</folder>
	<filename>14.jpg</filename>
	<path>C:\Users\ozozo\OneDrive\Máy tính\xlatc\images\train\14.jpg</path>
	<source>
		<database>Unknown</database>
	</source>
	<size>
		<width>1167</width>
		<height>1104</height>
		<depth>3</depth>
	</size>
	<segmented>0</segmented>
	<object>
		<name>chim</name>
		<pose>Unspecified</pose>
		<truncated>0</truncated>
		<difficult>0</difficult>
		<bndbox>
			<xmin>184</xmin>
			<ymin>216</ymin>
			<xmax>736</xmax>
			<ymax>858</ymax>
		</bndbox>
	</object>
</annotation>
