<annotation>
	<folder>train</folder>
	<filename>27.jpg</filename>
	<path>C:\Users\ozozo\OneDrive\Máy tính\xlatc\images\train\27.jpg</path>
	<source>
		<database>Unknown</database>
	</source>
	<size>
		<width>1454</width>
		<height>1080</height>
		<depth>3</depth>
	</size>
	<segmented>0</segmented>
	<object>
		<name>chim</name>
		<pose>Unspecified</pose>
		<truncated>0</truncated>
		<difficult>0</difficult>
		<bndbox>
			<xmin>580</xmin>
			<ymin>146</ymin>
			<xmax>1266</xmax>
			<ymax>920</ymax>
		</bndbox>
	</object>
</annotation>
