<annotation>
	<folder>train</folder>
	<filename>30.jpg</filename>
	<path>C:\Users\ozozo\OneDrive\Máy tính\xlatc\images\train\30.jpg</path>
	<source>
		<database>Unknown</database>
	</source>
	<size>
		<width>1933</width>
		<height>2406</height>
		<depth>3</depth>
	</size>
	<segmented>0</segmented>
	<object>
		<name>chim</name>
		<pose>Unspecified</pose>
		<truncated>0</truncated>
		<difficult>0</difficult>
		<bndbox>
			<xmin>308</xmin>
			<ymin>456</ymin>
			<xmax>1586</xmax>
			<ymax>2118</ymax>
		</bndbox>
	</object>
</annotation>
