<annotation>
	<folder>train</folder>
	<filename>40.jpg</filename>
	<path>C:\Users\ozozo\OneDrive\Máy tính\xlatc\images\train\40.jpg</path>
	<source>
		<database>Unknown</database>
	</source>
	<size>
		<width>782</width>
		<height>589</height>
		<depth>3</depth>
	</size>
	<segmented>0</segmented>
	<object>
		<name>cho</name>
		<pose>Unspecified</pose>
		<truncated>0</truncated>
		<difficult>0</difficult>
		<bndbox>
			<xmin>131</xmin>
			<ymin>19</ymin>
			<xmax>706</xmax>
			<ymax>565</ymax>
		</bndbox>
	</object>
</annotation>
