<annotation>
	<folder>train</folder>
	<filename>45.jpg</filename>
	<path>C:\Users\ozozo\OneDrive\Máy tính\xlatc\images\train\45.jpg</path>
	<source>
		<database>Unknown</database>
	</source>
	<size>
		<width>713</width>
		<height>590</height>
		<depth>3</depth>
	</size>
	<segmented>0</segmented>
	<object>
		<name>cho</name>
		<pose>Unspecified</pose>
		<truncated>0</truncated>
		<difficult>0</difficult>
		<bndbox>
			<xmin>49</xmin>
			<ymin>41</ymin>
			<xmax>652</xmax>
			<ymax>562</ymax>
		</bndbox>
	</object>
</annotation>
