<annotation>
	<folder>train</folder>
	<filename>5.jpg</filename>
	<path>C:\Users\ozozo\OneDrive\Máy tính\xlatc\images\train\5.jpg</path>
	<source>
		<database>Unknown</database>
	</source>
	<size>
		<width>1773</width>
		<height>1176</height>
		<depth>3</depth>
	</size>
	<segmented>0</segmented>
	<object>
		<name>chim</name>
		<pose>Unspecified</pose>
		<truncated>0</truncated>
		<difficult>0</difficult>
		<bndbox>
			<xmin>609</xmin>
			<ymin>375</ymin>
			<xmax>1323</xmax>
			<ymax>989</ymax>
		</bndbox>
	</object>
</annotation>
