<annotation>
	<folder>train</folder>
	<filename>67.jpg</filename>
	<path>C:\Users\ozozo\OneDrive\Máy tính\xlatc\images\train\67.jpg</path>
	<source>
		<database>Unknown</database>
	</source>
	<size>
		<width>744</width>
		<height>587</height>
		<depth>3</depth>
	</size>
	<segmented>0</segmented>
	<object>
		<name>meo</name>
		<pose>Unspecified</pose>
		<truncated>0</truncated>
		<difficult>0</difficult>
		<bndbox>
			<xmin>18</xmin>
			<ymin>18</ymin>
			<xmax>526</xmax>
			<ymax>579</ymax>
		</bndbox>
	</object>
</annotation>
