<annotation>
	<folder>train</folder>
	<filename>69.jpg</filename>
	<path>C:\Users\ozozo\OneDrive\Máy tính\xlatc\images\train\69.jpg</path>
	<source>
		<database>Unknown</database>
	</source>
	<size>
		<width>811</width>
		<height>531</height>
		<depth>3</depth>
	</size>
	<segmented>0</segmented>
	<object>
		<name>meo</name>
		<pose>Unspecified</pose>
		<truncated>0</truncated>
		<difficult>0</difficult>
		<bndbox>
			<xmin>139</xmin>
			<ymin>40</ymin>
			<xmax>752</xmax>
			<ymax>501</ymax>
		</bndbox>
	</object>
</annotation>
