<annotation>
	<folder>train</folder>
	<filename>7.jpg</filename>
	<path>C:\Users\ozozo\OneDrive\Máy tính\xlatc\images\train\7.jpg</path>
	<source>
		<database>Unknown</database>
	</source>
	<size>
		<width>1332</width>
		<height>850</height>
		<depth>3</depth>
	</size>
	<segmented>0</segmented>
	<object>
		<name>meo</name>
		<pose>Unspecified</pose>
		<truncated>0</truncated>
		<difficult>0</difficult>
		<bndbox>
			<xmin>432</xmin>
			<ymin>129</ymin>
			<xmax>907</xmax>
			<ymax>571</ymax>
		</bndbox>
	</object>
</annotation>
