<annotation>
	<folder>train</folder>
	<filename>71.jpg</filename>
	<path>C:\Users\ozozo\OneDrive\Máy tính\xlatc\images\train\71.jpg</path>
	<source>
		<database>Unknown</database>
	</source>
	<size>
		<width>835</width>
		<height>477</height>
		<depth>3</depth>
	</size>
	<segmented>0</segmented>
	<object>
		<name>meo</name>
		<pose>Unspecified</pose>
		<truncated>0</truncated>
		<difficult>0</difficult>
		<bndbox>
			<xmin>25</xmin>
			<ymin>7</ymin>
			<xmax>800</xmax>
			<ymax>440</ymax>
		</bndbox>
	</object>
</annotation>
