<annotation>
	<folder>train</folder>
	<filename>73.jpg</filename>
	<path>C:\Users\ozozo\OneDrive\Máy tính\xlatc\images\train\73.jpg</path>
	<source>
		<database>Unknown</database>
	</source>
	<size>
		<width>585</width>
		<height>394</height>
		<depth>3</depth>
	</size>
	<segmented>0</segmented>
	<object>
		<name>meo</name>
		<pose>Unspecified</pose>
		<truncated>0</truncated>
		<difficult>0</difficult>
		<bndbox>
			<xmin>9</xmin>
			<ymin>15</ymin>
			<xmax>577</xmax>
			<ymax>371</ymax>
		</bndbox>
	</object>
</annotation>
