<annotation>
	<folder>train</folder>
	<filename>78.jpg</filename>
	<path>C:\Users\ozozo\OneDrive\Máy tính\xlatc\images\train\78.jpg</path>
	<source>
		<database>Unknown</database>
	</source>
	<size>
		<width>1920</width>
		<height>1200</height>
		<depth>3</depth>
	</size>
	<segmented>0</segmented>
	<object>
		<name>meo</name>
		<pose>Unspecified</pose>
		<truncated>0</truncated>
		<difficult>0</difficult>
		<bndbox>
			<xmin>559</xmin>
			<ymin>148</ymin>
			<xmax>1335</xmax>
			<ymax>1092</ymax>
		</bndbox>
	</object>
</annotation>
