<annotation>
	<folder>train</folder>
	<filename>8.jpg</filename>
	<path>C:\Users\ozozo\OneDrive\Máy tính\xlatc\images\train\8.jpg</path>
	<source>
		<database>Unknown</database>
	</source>
	<size>
		<width>1152</width>
		<height>865</height>
		<depth>3</depth>
	</size>
	<segmented>0</segmented>
	<object>
		<name>chim</name>
		<pose>Unspecified</pose>
		<truncated>0</truncated>
		<difficult>0</difficult>
		<bndbox>
			<xmin>115</xmin>
			<ymin>46</ymin>
			<xmax>1144</xmax>
			<ymax>709</ymax>
		</bndbox>
	</object>
</annotation>
