<annotation>
	<folder>train</folder>
	<filename>86.jpg</filename>
	<path>C:\Users\ozozo\OneDrive\Máy tính\xlatc\images\train\86.jpg</path>
	<source>
		<database>Unknown</database>
	</source>
	<size>
		<width>500</width>
		<height>500</height>
		<depth>3</depth>
	</size>
	<segmented>0</segmented>
	<object>
		<name>meo</name>
		<pose>Unspecified</pose>
		<truncated>0</truncated>
		<difficult>0</difficult>
		<bndbox>
			<xmin>161</xmin>
			<ymin>3</ymin>
			<xmax>465</xmax>
			<ymax>494</ymax>
		</bndbox>
	</object>
</annotation>
