<annotation>
	<folder>train</folder>
	<filename>91.jpg</filename>
	<path>C:\Users\ozozo\OneDrive\Máy tính\xlatc\images\train\91.jpg</path>
	<source>
		<database>Unknown</database>
	</source>
	<size>
		<width>1600</width>
		<height>1000</height>
		<depth>3</depth>
	</size>
	<segmented>0</segmented>
	<object>
		<name>meo</name>
		<pose>Unspecified</pose>
		<truncated>0</truncated>
		<difficult>0</difficult>
		<bndbox>
			<xmin>377</xmin>
			<ymin>28</ymin>
			<xmax>1561</xmax>
			<ymax>966</ymax>
		</bndbox>
	</object>
</annotation>
