<annotation>
	<folder>train</folder>
	<filename>98.jpg</filename>
	<path>C:\Users\ozozo\OneDrive\Máy tính\xlatc\images\train\98.jpg</path>
	<source>
		<database>Unknown</database>
	</source>
	<size>
		<width>1680</width>
		<height>1050</height>
		<depth>3</depth>
	</size>
	<segmented>0</segmented>
	<object>
		<name>tho</name>
		<pose>Unspecified</pose>
		<truncated>0</truncated>
		<difficult>0</difficult>
		<bndbox>
			<xmin>1052</xmin>
			<ymin>275</ymin>
			<xmax>1620</xmax>
			<ymax>944</ymax>
		</bndbox>
	</object>
</annotation>
